stereo_id,code,class,role,noncov,cov,leaving,has_covalent
GB_00_P4S,GB,G,anchor,noncovalent/GB_00_P4S.sdf,covalent/GB_00_P4S.sdf,F,1
GB_01_P4R,GB,G,anchor,noncovalent/GB_01_P4R.sdf,covalent/GB_01_P4R.sdf,F,1
GD_00_C1S_P3S,GD,G,anchor,noncovalent/GD_00_C1S_P3S.sdf,covalent/GD_00_C1S_P3S.sdf,F,1
GD_01_C1R_P3S,GD,G,anchor,noncovalent/GD_01_C1R_P3S.sdf,covalent/GD_01_C1R_P3S.sdf,F,1
GD_02_C1S_P3R,GD,G,anchor,noncovalent/GD_02_C1S_P3R.sdf,covalent/GD_02_C1S_P3R.sdf,F,1
GD_03_C1R_P3R,GD,G,anchor,noncovalent/GD_03_C1R_P3R.sdf,covalent/GD_03_C1R_P3R.sdf,F,1
GA_00_P3R,GA,G,anchor,noncovalent/GA_00_P3R.sdf,covalent/GA_00_P3R.sdf,CN,1
GA_01_P3S,GA,G,anchor,noncovalent/GA_01_P3S.sdf,covalent/GA_01_P3S.sdf,CN,1
VX_00_P3S,VX,V,anchor,noncovalent/VX_00_P3S.sdf,covalent/VX_00_P3S.sdf,S,1
VX_01_P3R,VX,V,anchor,noncovalent/VX_01_P3R.sdf,covalent/VX_01_P3R.sdf,S,1
PARA_00_achiral,PARA,OP-thion,experiment,noncovalent/PARA_00_achiral.sdf,,leaving_not_found,0
PXNE_00_achiral,PXNE,OP-oxon,experiment,noncovalent/PXNE_00_achiral.sdf,covalent/PXNE_00_achiral.sdf,OAr/Ovinyl,1
CPF_00_achiral,CPF,OP-thion,experiment,noncovalent/CPF_00_achiral.sdf,,leaving_not_found,0
MLT_00_C6S,MLT,OP-thion,experiment,noncovalent/MLT_00_C6S.sdf,,leaving_not_found,0
MLT_01_C6R,MLT,OP-thion,experiment,noncovalent/MLT_01_C6R.sdf,,leaving_not_found,0
DDVP_00_achiral,DDVP,OP-oxon,experiment,noncovalent/DDVP_00_achiral.sdf,covalent/DDVP_00_achiral.sdf,OAr/Ovinyl,1
A230_00_P8R_C5N7E,A230,Novichok,target,noncovalent/A230_00_P8R_C5N7E.sdf,covalent/A230_00_P8R_C5N7E.sdf,F,1
A230_01_P8S_C5N7E,A230,Novichok,target,noncovalent/A230_01_P8S_C5N7E.sdf,covalent/A230_01_P8S_C5N7E.sdf,F,1
A230_02_P8R_C5N7Z,A230,Novichok,target,noncovalent/A230_02_P8R_C5N7Z.sdf,covalent/A230_02_P8R_C5N7Z.sdf,F,1
A230_03_P8S_C5N7Z,A230,Novichok,target,noncovalent/A230_03_P8S_C5N7Z.sdf,covalent/A230_03_P8S_C5N7Z.sdf,F,1
A232_00_P8R_C5N7E,A232,Novichok,target,noncovalent/A232_00_P8R_C5N7E.sdf,covalent/A232_00_P8R_C5N7E.sdf,F,1
A232_01_P8S_C5N7E,A232,Novichok,target,noncovalent/A232_01_P8S_C5N7E.sdf,covalent/A232_01_P8S_C5N7E.sdf,F,1
A232_02_P8R_C5N7Z,A232,Novichok,target,noncovalent/A232_02_P8R_C5N7Z.sdf,covalent/A232_02_P8R_C5N7Z.sdf,F,1
A232_03_P8S_C5N7Z,A232,Novichok,target,noncovalent/A232_03_P8S_C5N7Z.sdf,covalent/A232_03_P8S_C5N7Z.sdf,F,1
A234_00_P3S_N6C7E,A234,Novichok,target,noncovalent/A234_00_P3S_N6C7E.sdf,covalent/A234_00_P3S_N6C7E.sdf,F,1
A234_01_P3R_N6C7E,A234,Novichok,target,noncovalent/A234_01_P3R_N6C7E.sdf,covalent/A234_01_P3R_N6C7E.sdf,F,1
A234_02_P3S_N6C7Z,A234,Novichok,target,noncovalent/A234_02_P3S_N6C7Z.sdf,covalent/A234_02_P3S_N6C7Z.sdf,F,1
A234_03_P3R_N6C7Z,A234,Novichok,target,noncovalent/A234_03_P3R_N6C7Z.sdf,covalent/A234_03_P3R_N6C7Z.sdf,F,1
A242_00_P7R,A242,Novichok,target,noncovalent/A242_00_P7R.sdf,covalent/A242_00_P7R.sdf,F,1
A242_01_P7S,A242,Novichok,target,noncovalent/A242_01_P7S.sdf,covalent/A242_01_P7S.sdf,F,1
BSAR_00_P5S,BSAR,G,anchor,noncovalent/BSAR_00_P5S.sdf,covalent/BSAR_00_P5S.sdf,F,1
BSAR_01_P5R,BSAR,G,anchor,noncovalent/BSAR_01_P5R.sdf,covalent/BSAR_01_P5R.sdf,F,1
GF_00_P1S,GF,G,anchor,noncovalent/GF_00_P1S.sdf,covalent/GF_00_P1S.sdf,F,1
GF_01_P1R,GF,G,anchor,noncovalent/GF_01_P1R.sdf,covalent/GF_01_P1R.sdf,F,1
VR_00_P8S,VR,V,anchor,noncovalent/VR_00_P8S.sdf,covalent/VR_00_P8S.sdf,S,1
VR_01_P8R,VR,V,anchor,noncovalent/VR_01_P8R.sdf,covalent/VR_01_P8R.sdf,S,1
MPXN_00_achiral,MPXN,OP-oxon,experiment,noncovalent/MPXN_00_achiral.sdf,covalent/MPXN_00_achiral.sdf,OAr/Ovinyl,1
DETAB_00_P3R,DETAB,G,anchor,noncovalent/DETAB_00_P3R.sdf,covalent/DETAB_00_P3R.sdf,CN,1
DETAB_01_P3S,DETAB,G,anchor,noncovalent/DETAB_01_P3S.sdf,covalent/DETAB_01_P3S.sdf,CN,1
DFP_00_achiral,DFP,OP-oxon,anchor,noncovalent/DFP_00_achiral.sdf,,leaving_not_found,0
METH_00_P2R,METH,OP-thion,experiment,noncovalent/METH_00_P2R.sdf,,leaving_not_found,0
METH_01_P2S,METH,OP-thion,experiment,noncovalent/METH_01_P2S.sdf,,leaving_not_found,0
FEN_00_P3R,FEN,OP-thion,experiment,noncovalent/FEN_00_P3R.sdf,,leaving_not_found,0
FEN_01_P3S,FEN,OP-thion,experiment,noncovalent/FEN_01_P3S.sdf,,leaving_not_found,0
